SU,28-Dec-99,, 
0,           0.000,           0.000,           0.000,           0.000,           0.000,           0.000
1, 41198.740, 10426.930, 517.464, (   2)
1, 41187.660, 10427.740, 516.859, (   3)
1, 41177.080, 10427.920, 517.154, (   4)
1, 41166.560, 10428.280, 517.425, (   5)
1, 41156.190, 10429.080, 517.900, (   6)
1, 41145.440, 10429.520, 518.380, (   7)
1, 41136.300, 10429.730, 518.682, (   8)
1, 41124.060, 10429.400, 519.068, (   9)
1, 41115.420, 10428.840, 518.511, (  10)
1, 41104.660, 10427.510, 519.083, (  11)
1, 41095.210, 10426.670, 519.267, (  12)
1, 41085.220, 10425.280, 519.706, (  13)
1, 41073.770, 10423.080, 519.813, (  14)
1, 41063.120, 10420.810, 519.881, (  15)
1, 41053.890, 10418.070, 519.915, (  16)
1, 41045.850, 10415.610, 519.918, (  17)
1, 41039.700, 10412.910, 519.849, (  18)
1, 41031.980, 10408.400, 519.907, (  19)
1, 41024.190, 10403.160, 519.943, (  20)
1, 41016.420, 10397.990, 520.019, (  21)
1, 41008.760, 10392.620, 520.129, (  21)
1, 41002.570, 10387.580, 520.176, (  22)
1, 40996.350, 10381.040, 520.358, (  23)
1, 40991.140, 10374.120, 520.556, (  24)
1, 40986.770, 10365.680, 520.831, (  25)
1, 40983.710, 10357.370, 521.075, (  26)
1, 40982.440, 10352.170, 521.206, (  27)
1, 40982.160, 10347.830, 521.326, (  28)
1, 40983.620, 10342.500, 521.278, (  29)
1, 40986.410, 10337.390, 521.469, (  30)
1, 40991.220, 10330.410, 521.642, (  31)
1, 40996.000, 10324.990, 521.713, (  32)
1, 41005.210, 10318.170, 521.757, (  33)
1, 41013.620, 10312.200, 521.977, (  34)
1, 41022.790, 10305.710, 522.025, (  35)
1, 41030.840, 10299.940, 522.044, (  36)
1, 41037.600, 10296.360, 522.147, (  37)
1, 41047.580, 10293.540, 521.982, (  38)
1, 41057.080, 10291.730, 522.009, (  39)
1, 41067.140, 10289.530, 522.112, (  40)
1, 41076.320, 10287.330, 522.001, (  41)
1, 41087.010, 10284.870, 521.915, (  42)
1, 41096.790, 10282.700, 521.818, (  43)
1, 41105.280, 10280.860, 521.710, (  44)
1, 41114.330, 10278.900, 521.581, (  45)
1, 41121.630, 10277.670, 521.016, (  46)
1, 41129.160, 10276.280, 521.050, (  47)
1, 41137.390, 10275.250, 521.062, (  48)
1, 41144.960, 10273.800, 520.886, (  49)
1, 41152.270, 10273.330, 520.681, (  50)
1, 41160.210, 10273.420, 520.450, (  51)
1, 41168.540, 10273.230, 520.509, (  52)
1, 41175.930, 10272.670, 520.343, (  53)
1, 41181.870, 10272.140, 520.427, (  54)
1, 41191.850, 10271.180, 520.310, (  55)
1, 41203.210, 10270.210, 520.078, (  56)
1, 41211.340, 10269.100, 519.930, (  57)
1, 41223.850, 10267.310, 519.397, (  58)
1, 41220.310, 10247.100, 520.089, (  59)
1, 41227.390, 10246.720, 519.648, (  60)
1, 41231.870, 10246.570, 519.298, (  61)
1, 41235.770, 10246.130, 518.520, (  62)
1, 41254.400, 10243.500, 517.627, (  63)
1, 41257.340, 10243.430, 518.822, (  64)
1, 41266.200, 10242.800, 518.803, (  65)
1, 41276.740, 10241.180, 518.528, (  66)
1, 41287.300, 10239.970, 518.122, (  67)
1, 41298.900, 10239.410, 517.902, (  68)
1, 41307.030, 10239.360, 517.903, (  69)
1, 41315.460, 10238.610, 517.639, (  70)
1, 41326.800, 10237.600, 517.615, (  71)
1, 41337.460, 10236.920, 517.552, (  72)
1, 41348.770, 10235.860, 517.620, (  73)
1, 41359.570, 10234.840, 517.754, (  74)
1, 41369.400, 10233.810, 517.847, (  75)
1, 41379.670, 10232.790, 517.739, (  76)
1, 41390.320, 10231.890, 517.686, (  77)
1, 41400.190, 10231.140, 517.690, (  78)
1, 41410.410, 10231.990, 517.569, (  79)
1, 41419.840, 10232.880, 517.532, (  80)
1, 41427.700, 10233.900, 517.550, (  81)
1, 41435.040, 10233.860, 517.476, (  82)
1, 41443.470, 10235.270, 517.430, (  83)
1, 41449.430, 10236.920, 517.435, (  84)
1, 41455.470, 10239.160, 517.430, (  85)
1, 41462.420, 10243.000, 517.364, (  86)
1, 41469.360, 10247.910, 517.357, (  87)
1, 41475.550, 10252.120, 517.339, (  88)
1, 41481.430, 10257.190, 517.310, (  89)
1, 41486.270, 10262.240, 517.286, (  90)
1, 41490.170, 10267.770, 517.281, (  91)
1, 41492.670, 10274.420, 517.187, (  92)
1, 41493.980, 10280.830, 517.121, (  93)
1, 41494.340, 10286.190, 517.056, (  94)
1, 41493.960, 10291.300, 516.947, (  95)
1, 41491.640, 10298.420, 516.892, (  96)
1, 41489.000, 10304.710, 516.848, (  97)
1, 41484.100, 10311.190, 516.748, (  98)
1, 41477.760, 10318.850, 516.483, (  99)
1, 41471.870, 10325.030, 516.429, ( 100)
1, 41464.310, 10331.640, 516.228, ( 101)
1, 41457.930, 10338.140, 515.864, ( 102)
1, 41451.500, 10344.200, 515.580, ( 103)
1, 41444.730, 10351.140, 515.325, ( 104)
1, 41437.310, 10357.230, 515.077, ( 105)
1, 41429.990, 10362.340, 515.032, ( 106)
1, 41426.160, 10364.900, 515.077, ( 107)
1, 41417.890, 10368.900, 515.124, ( 108)
1, 41409.210, 10371.970, 515.147, ( 109)
1, 41400.170, 10374.500, 515.197, ( 110)
1, 41389.970, 10376.500, 515.285, ( 111)
1, 41379.790, 10378.170, 515.461, ( 112)
1, 41369.500, 10379.860, 515.711, ( 113)
1, 41361.250, 10381.060, 515.920, ( 114)
1, 41353.560, 10382.520, 516.163, ( 115)
1, 41345.720, 10384.860, 516.447, ( 116)
1, 41338.040, 10387.630, 516.544, ( 117)
1, 41334.220, 10389.850, 516.596, ( 118)
1, 41327.460, 10395.780, 516.753, ( 119)
1, 41320.290, 10401.010, 516.896, ( 120)
1, 41311.080, 10405.840, 516.936, ( 121)
1, 41306.510, 10408.290, 517.001, ( 122)
1, 41298.280, 10409.970, 516.843, ( 123)
1, 41291.710, 10411.740, 517.152, ( 124)
1, 41285.730, 10413.490, 517.254, ( 125)
1, 41277.520, 10416.390, 517.330, ( 126)
1, 41268.600, 10419.310, 517.444, ( 127)
1, 41259.200, 10421.570, 517.480, ( 128)
1, 41250.610, 10423.530, 517.175, ( 129)
1, 41242.290, 10425.240, 517.716, ( 130)
1, 41232.300, 10425.730, 517.956, ( 131)
1, 41222.570, 10425.690, 517.676, ( 132)
1, 41214.610, 10426.110, 518.010, ( 133)
1, 41206.570, 10426.450, 517.732, ( 134)
1, 41198.740, 10426.930, 517.464, (   2)
0, 0.000, 0.000, 0.000,
2, 41312.780, 10243.620, 512.727, (   1)
2, 41321.160, 10242.860, 512.388, ( 197)
2, 41329.060, 10242.170, 512.247, ( 196)
2, 41339.070, 10241.410, 511.972, ( 195)
2, 41349.430, 10239.930, 512.133, ( 194)
2, 41362.810, 10238.940, 512.251, ( 193)
2, 41376.880, 10237.520, 512.263, ( 192)
2, 41388.810, 10236.420, 512.117, ( 191)
2, 41399.250, 10236.130, 512.038, ( 190)
2, 41412.320, 10236.690, 512.008, ( 189)
2, 41425.300, 10237.670, 511.940, ( 188)
2, 41437.210, 10238.780, 511.962, ( 187)
2, 41445.450, 10240.100, 512.070, ( 186)
2, 41450.920, 10242.250, 512.056, ( 185)
2, 41462.860, 10248.240, 512.265, ( 184)
2, 41472.280, 10254.210, 512.430, ( 183)
2, 41481.130, 10261.800, 512.461, ( 182)
2, 41487.110, 10270.390, 512.316, ( 181)
2, 41489.990, 10279.710, 512.303, ( 180)
2, 41490.290, 10288.840, 512.149, ( 179)
2, 41488.060, 10297.250, 512.076, ( 178)
2, 41483.710, 10305.550, 512.150, ( 177)
2, 41477.950, 10312.730, 512.100, ( 176)
2, 41470.530, 10320.250, 511.971, ( 175)
2, 41461.430, 10329.640, 511.970, ( 174)
2, 41452.810, 10338.800, 511.952, ( 173)
2, 41443.970, 10348.070, 512.039, ( 172)
2, 41436.340, 10354.620, 511.855, ( 171)
2, 41428.450, 10360.320, 511.876, ( 170)
2, 41419.540, 10365.200, 511.857, ( 169)
2, 41410.410, 10368.880, 511.879, ( 168)
2, 41399.250, 10371.800, 512.012, ( 167)
2, 41386.920, 10373.980, 511.988, ( 166)
2, 41373.500, 10375.580, 511.988, ( 165)
2, 41359.920, 10377.460, 511.741, ( 164)
2, 41350.110, 10379.430, 511.815, ( 163)
2, 41341.550, 10382.140, 511.804, ( 162)
2, 41334.720, 10385.210, 511.917, ( 161)
2, 41328.910, 10389.740, 511.882, ( 160)
2, 41320.960, 10395.810, 511.900, ( 159)
2, 41315.370, 10398.900, 511.841, ( 158)
2, 41302.740, 10404.110, 511.908, ( 157)
2, 41290.910, 10407.420, 511.950, ( 156)
2, 41277.900, 10411.200, 511.877, ( 155)
2, 41264.060, 10414.970, 511.863, ( 154)
2, 41249.630, 10418.110, 511.884, ( 153)
2, 41240.210, 10419.760, 511.928, ( 152)
2, 41224.750, 10421.100, 511.961, ( 151)
2, 41211.420, 10421.250, 511.974, ( 150)
2, 41196.590, 10422.420, 512.175, ( 149)
2, 41181.030, 10422.570, 512.106, ( 148)
2, 41167.170, 10422.420, 512.148, ( 147)
2, 41153.530, 10423.150, 512.224, ( 146)
2, 41139.660, 10423.320, 512.574, ( 145)
2, 41127.890, 10422.870, 512.219, ( 144)
2, 41115.090, 10422.240, 512.247, ( 143)
2, 41101.120, 10420.940, 512.189, ( 142)
2, 41085.220, 10418.440, 512.133, ( 141)
2, 41072.260, 10416.140, 511.977, ( 140)
2, 41060.240, 10413.540, 512.200, ( 139)
2, 41050.660, 10410.900, 512.244, ( 138)
2, 41042.370, 10407.300, 512.169, ( 137)
2, 41033.060, 10401.640, 512.202, ( 136)
2, 41023.410, 10394.440, 512.023, ( 135)
2, 41013.790, 10387.670, 512.077, ( 134)
2, 41005.050, 10380.560, 512.072, ( 133)
2, 40998.620, 10373.210, 512.050, ( 132)
2, 40993.530, 10364.970, 512.230, ( 131)
2, 40989.820, 10356.250, 512.405, ( 130)
2, 40988.600, 10348.770, 512.452, ( 129)
2, 40990.050, 10343.440, 512.471, ( 128)
2, 40993.820, 10338.250, 512.359, ( 127)
2, 41001.140, 10330.890, 512.304, ( 126)
2, 41009.640, 10323.940, 512.174, ( 125)
2, 41020.290, 10316.580, 512.135, ( 124)
2, 41029.850, 10309.820, 512.256, ( 123)
2, 41037.460, 10304.780, 512.277, ( 122)
2, 41044.910, 10301.960, 512.288, ( 121)
2, 41056.150, 10299.570, 512.380, ( 120)
2, 41067.620, 10297.240, 512.277, ( 119)
2, 41077.730, 10294.810, 512.238, ( 118)
2, 41089.700, 10292.120, 512.227, ( 117)
2, 41101.020, 10290.020, 512.117, ( 116)
2, 41114.660, 10287.050, 512.082, ( 115)
2, 41128.920, 10284.080, 512.023, ( 114)
2, 41139.050, 10282.690, 512.016, ( 113)
2, 41148.880, 10281.800, 512.066, ( 112)
2, 41159.890, 10281.430, 512.086, ( 111)
2, 41172.730, 10281.040, 511.994, ( 110)
2, 41184.270, 10279.880, 511.830, ( 109)
2, 41197.640, 10277.940, 511.859, ( 108)
2, 41210.360, 10276.140, 511.804, ( 107)
2, 41223.240, 10273.710, 511.613, ( 106)
2, 41236.670, 10270.290, 511.676, ( 105)
2, 41246.060, 10267.760, 511.621, ( 104)
2, 41258.210, 10266.190, 511.670, ( 103)
2, 41268.740, 10265.470, 511.571, ( 102)
2, 41280.920, 10264.590, 511.540, ( 101)
2, 41290.440, 10264.610, 511.789, ( 100)
2, 41301.640, 10264.350, 511.711, (  99)
2, 41309.690, 10265.850, 510.776, (  98)
2, 41314.620, 10266.690, 509.922, (  97)
2, 41309.140, 10267.360, 510.733, (  96)
2, 41301.620, 10267.740, 511.531, (  95)
2, 41294.880, 10268.590, 511.677, (  94)
2, 41283.330, 10269.170, 511.537, (  93)
2, 41270.160, 10269.620, 511.512, (  92)
2, 41262.130, 10270.000, 511.487, (  91)
2, 41250.640, 10271.980, 511.496, (  90)
2, 41243.130, 10274.200, 511.472, (  89)
2, 41232.430, 10276.910, 511.441, (  88)
2, 41222.200, 10279.280, 511.526, (  87)
2, 41213.100, 10280.940, 511.719, (  86)
2, 41200.090, 10282.590, 511.689, (  85)
2, 41183.400, 10284.530, 511.831, (  84)
2, 41155.440, 10285.600, 511.552, (  83)
2, 41142.770, 10287.470, 511.978, (  82)
2, 41130.400, 10289.330, 512.012, (  81)
2, 41116.010, 10291.890, 512.088, (  80)
2, 41099.570, 10295.500, 512.199, (  79)
2, 41081.920, 10299.540, 512.286, (  78)
2, 41063.950, 10303.490, 512.207, (  77)
2, 41049.610, 10306.780, 512.234, (  76)
2, 41038.580, 10311.110, 512.182, (  75)
2, 41028.720, 10316.730, 512.131, (  74)
2, 41017.780, 10324.160, 512.115, (  73)
2, 41009.320, 10331.760, 512.208, (  72)
2, 41002.100, 10340.650, 512.234, (  71)
2, 40997.010, 10349.010, 512.055, (  70)
2, 40996.160, 10352.420, 512.041, (  69)
2, 40997.720, 10357.670, 512.048, (  68)
2, 41001.940, 10367.210, 512.081, (  67)
2, 41005.950, 10373.740, 512.048, (  66)
2, 41010.490, 10378.540, 511.946, (  65)
2, 41020.610, 10386.490, 511.926, (  64)
2, 41031.420, 10394.370, 512.032, (  63)
2, 41042.370, 10400.890, 512.061, (  62)
2, 41050.730, 10404.870, 512.087, (  61)
2, 41060.750, 10408.500, 512.102, (  60)
2, 41070.040, 10410.740, 512.016, (  59)
2, 41081.420, 10412.580, 511.793, (  58)
2, 41099.420, 10414.930, 511.922, (  57)
2, 41114.710, 10416.330, 512.120, (  56)
2, 41132.030, 10417.090, 512.105, (  55)
2, 41150.120, 10417.280, 512.237, (  54)
2, 41164.530, 10417.670, 512.016, (  53)
2, 41182.490, 10417.930, 511.982, (  52)
2, 41199.990, 10417.170, 512.009, (  51)
2, 41213.460, 10416.630, 511.860, (  50)
2, 41229.170, 10416.090, 511.691, (  49)
2, 41243.530, 10415.370, 511.775, (  48)
2, 41259.520, 10411.640, 511.735, (  47)
2, 41267.720, 10408.740, 511.795, (  46)
2, 41280.130, 10403.570, 511.707, (  45)
2, 41284.860, 10401.080, 511.715, (  44)
2, 41294.610, 10395.130, 511.743, (  43)
2, 41302.580, 10389.630, 511.730, (  42)
2, 41311.350, 10385.080, 511.505, (  41)
2, 41321.800, 10380.070, 511.651, (  40)
2, 41329.660, 10377.170, 511.746, (  39)
2, 41338.200, 10375.400, 511.858, (  38)
2, 41350.340, 10374.090, 511.724, (  37)
2, 41365.210, 10372.040, 511.820, (  36)
2, 41381.010, 10369.800, 512.091, (  35)
2, 41394.300, 10367.660, 511.900, (  34)
2, 41406.820, 10365.210, 511.736, (  33)
2, 41416.580, 10361.900, 511.619, (  32)
2, 41425.020, 10357.290, 511.623, (  31)
2, 41432.570, 10351.830, 511.685, (  30)
2, 41441.560, 10344.310, 511.733, (  29)
2, 41450.540, 10333.810, 511.808, (  28)
2, 41457.710, 10326.100, 511.759, (  27)
2, 41465.520, 10318.120, 511.913, (  26)
2, 41474.140, 10309.260, 512.031, (  25)
2, 41479.620, 10301.830, 511.955, (  24)
2, 41482.790, 10295.230, 512.065, (  23)
2, 41484.260, 10286.250, 512.140, (  22)
2, 41479.710, 10271.020, 512.251, (  21)
2, 41474.750, 10264.810, 512.286, (  20)
2, 41469.030, 10259.650, 512.447, (  19)
2, 41461.480, 10255.540, 512.352, (  18)
2, 41452.890, 10250.630, 512.011, (  17)
2, 41444.020, 10245.610, 511.879, (  16)
2, 41438.500, 10243.930, 511.925, (  15)
2, 41430.300, 10242.830, 511.759, (  14)
2, 41424.310, 10242.960, 511.752, (  13)
2, 41417.930, 10242.650, 511.595, (  12)
2, 41410.730, 10241.650, 511.594, (  11)
2, 41400.870, 10240.980, 511.684, (  10)
2, 41391.390, 10241.760, 511.962, (   9)
2, 41380.210, 10242.660, 512.043, (   8)
2, 41369.520, 10243.650, 512.171, (   7)
2, 41357.970, 10244.280, 512.137, (   6)
2, 41347.320, 10245.020, 512.216, (   5)
2, 41337.740, 10245.570, 511.954, (   4)
2, 41327.930, 10246.100, 512.109, (   3)
2, 41318.640, 10245.930, 512.449, (   2)
2, 41312.780, 10243.620, 512.727, (   1)
0, 0.000, 0.000, 0.000,
2, 41405.160, 10271.880, 502.841, (   1)
2, 41395.530, 10273.230, 502.826, (   2)
2, 41383.310, 10273.470, 502.919, (   3)
2, 41370.280, 10274.050, 502.950, (   4)
2, 41358.050, 10275.000, 503.078, (   5)
2, 41346.720, 10275.630, 503.026, (   6)
2, 41332.840, 10276.440, 502.919, (   7)
2, 41323.840, 10276.670, 502.848, (   8)
2, 41311.410, 10278.600, 502.815, (   9)
2, 41303.070, 10279.950, 502.920, (  10)
2, 41292.080, 10280.990, 503.084, (  11)
2, 41283.230, 10281.620, 503.142, (  12)
2, 41272.480, 10282.120, 502.945, (  13)
2, 41263.350, 10282.820, 502.906, (  14)
2, 41253.550, 10284.360, 502.971, (  15)
2, 41240.090, 10287.550, 503.090, (  16)
2, 41229.730, 10290.060, 503.108, (  17)
2, 41220.770, 10292.170, 502.947, (  18)
2, 41211.780, 10293.620, 502.858, (  19)
2, 41198.990, 10295.290, 502.722, (  20)
2, 41187.400, 10296.610, 502.710, (  21)
2, 41175.460, 10297.660, 502.576, (  22)
2, 41161.510, 10298.310, 502.620, (  23)
2, 41149.040, 10299.360, 502.757, (  24)
2, 41136.270, 10300.720, 502.847, (  25)
2, 41124.400, 10302.500, 502.852, (  26)
2, 41112.570, 10305.080, 502.930, (  27)
2, 41101.560, 10308.120, 503.010, (  28)
2, 41092.790, 10310.050, 502.940, (  29)
2, 41087.640, 10310.650, 502.947, (  30)
2, 41083.600, 10310.350, 502.874, (  31)
2, 41070.620, 10313.870, 502.855, (  32)
2, 41058.590, 10317.390, 502.900, (  33)
2, 41049.700, 10319.870, 502.937, (  34)
2, 41042.330, 10323.320, 503.006, (  35)
2, 41034.160, 10328.170, 503.174, (  36)
2, 41024.810, 10334.650, 503.092, (  37)
2, 41017.510, 10340.950, 503.121, (  38)
2, 41013.290, 10344.930, 503.010, (  39)
2, 41010.840, 10350.290, 503.023, (  40)
2, 41010.550, 10355.540, 502.997, (  41)
2, 41011.850, 10360.230, 502.961, (  42)
2, 41014.750, 10364.810, 503.120, (  43)
2, 41019.990, 10370.460, 503.167, (  44)
2, 41027.430, 10377.270, 503.253, (  45)
2, 41036.930, 10384.420, 503.228, (  46)
2, 41047.930, 10391.650, 503.095, (  47)
2, 41056.490, 10395.790, 502.988, (  48)
2, 41065.610, 10398.670, 503.035, (  49)
2, 41076.260, 10400.780, 503.119, (  50)
2, 41091.330, 10402.750, 503.106, (  51)
2, 41105.200, 10403.840, 503.223, (  52)
2, 41119.020, 10404.580, 503.254, (  53)
2, 41132.850, 10405.080, 503.025, (  54)
2, 41146.250, 10405.510, 502.912, (  55)
2, 41159.150, 10406.300, 503.185, (  56)
2, 41173.540, 10406.740, 503.123, (  57)
2, 41187.250, 10406.440, 502.975, (  58)
2, 41201.480, 10405.810, 502.888, (  59)
2, 41215.600, 10405.120, 502.873, (  60)
2, 41230.020, 10404.880, 503.003, (  61)
2, 41239.250, 10404.140, 503.069, (  62)
2, 41251.150, 10401.940, 503.114, (  63)
2, 41257.320, 10400.520, 503.168, (  64)
2, 41270.040, 10395.240, 503.233, (  65)
2, 41280.590, 10390.430, 503.266, (  66)
2, 41286.230, 10387.460, 503.276, (  67)
2, 41290.690, 10384.250, 503.263, (  68)
2, 41297.090, 10378.840, 503.262, (  69)
2, 41304.820, 10374.770, 503.195, (  70)
2, 41312.690, 10371.090, 503.200, (  71)
2, 41321.420, 10368.030, 503.206, (  72)
2, 41328.150, 10365.640, 503.177, (  73)
2, 41339.980, 10364.110, 503.053, (  74)
2, 41353.010, 10362.130, 502.956, (  75)
2, 41366.190, 10360.110, 502.995, (  76)
2, 41379.140, 10358.420, 503.019, (  77)
2, 41392.440, 10356.590, 503.039, (  78)
2, 41405.200, 10353.400, 503.055, (  79)
2, 41413.440, 10349.620, 503.037, (  80)
2, 41422.470, 10343.800, 502.976, (  81)
2, 41432.870, 10335.350, 502.861, (  82)
2, 41440.660, 10327.250, 502.910, (  83)
2, 41449.130, 10317.950, 503.080, (  84)
2, 41457.230, 10309.970, 503.055, (  85)
2, 41464.750, 10300.700, 503.144, (  86)
2, 41468.990, 10293.960, 503.089, (  87)
2, 41470.620, 10286.880, 503.150, (  88)
2, 41470.280, 10281.800, 503.236, (  89)
2, 41465.750, 10273.810, 503.260, (  90)
2, 41457.800, 10267.270, 503.247, (  91)
2, 41450.410, 10261.950, 503.118, (  92)
2, 41440.430, 10256.910, 503.024, (  93)
2, 41429.500, 10254.210, 502.787, (  94)
2, 41414.920, 10249.720, 503.258, (  95)
2, 41421.580, 10249.510, 502.973, (  96)
2, 41431.380, 10250.470, 502.889, (  97)
2, 41439.510, 10251.940, 502.978, (  98)
2, 41449.610, 10257.080, 503.182, (  99)
2, 41457.020, 10261.850, 503.410, ( 100)
2, 41464.980, 10266.400, 503.473, ( 101)
2, 41470.420, 10271.660, 503.528, ( 102)
2, 41474.390, 10277.680, 503.399, ( 103)
2, 41476.570, 10283.110, 503.419, ( 104)
2, 41476.180, 10291.420, 503.347, ( 105)
2, 41473.270, 10299.520, 503.307, ( 106)
2, 41467.030, 10308.630, 503.240, ( 107)
2, 41459.190, 10317.070, 503.116, ( 108)
2, 41450.420, 10326.250, 503.066, ( 109)
2, 41441.190, 10335.830, 503.031, ( 110)
2, 41430.900, 10346.060, 502.978, ( 111)
2, 41418.290, 10354.960, 503.080, ( 112)
2, 41408.180, 10358.970, 503.156, ( 113)
2, 41394.680, 10361.320, 503.119, ( 114)
2, 41381.280, 10363.430, 503.098, ( 115)
2, 41366.320, 10365.990, 503.024, ( 116)
2, 41352.830, 10367.910, 503.041, ( 117)
2, 41340.700, 10369.300, 503.173, ( 118)
2, 41331.390, 10370.640, 503.218, ( 119)
2, 41323.750, 10372.660, 503.295, ( 120)
2, 41312.230, 10377.660, 503.237, ( 121)
2, 41301.680, 10383.400, 503.311, ( 122)
2, 41291.710, 10389.920, 503.419, ( 123)
2, 41282.270, 10395.600, 503.303, ( 124)
2, 41271.350, 10400.360, 503.304, ( 125)
2, 41266.120, 10402.400, 503.214, ( 126)
2, 41256.030, 10406.820, 503.122, ( 127)
2, 41244.520, 10408.980, 503.078, ( 128)
2, 41230.280, 10410.710, 503.226, ( 129)
2, 41219.350, 10409.610, 503.113, ( 130)
2, 41207.350, 10409.590, 503.044, ( 131)
2, 41194.390, 10409.850, 503.086, ( 132)
2, 41183.050, 10410.270, 503.168, ( 133)
2, 41171.240, 10410.010, 503.440, ( 134)
2, 41159.050, 10410.170, 503.361, ( 135)
2, 41146.650, 10409.820, 503.145, ( 136)
2, 41135.960, 10409.610, 503.155, ( 137)
2, 41124.880, 10410.110, 503.411, ( 138)
2, 41111.330, 10409.600, 503.253, ( 139)
2, 41097.760, 10409.140, 503.279, ( 140)
2, 41086.560, 10408.360, 503.255, ( 141)
2, 41074.320, 10406.200, 503.256, ( 142)
2, 41063.390, 10403.340, 503.151, ( 143)
2, 41054.390, 10400.010, 502.979, ( 144)
2, 41045.840, 10395.980, 503.105, ( 145)
2, 41034.970, 10389.500, 503.229, ( 146)
2, 41027.530, 10384.210, 503.314, ( 147)
2, 41019.920, 10378.490, 503.340, ( 148)
2, 41014.150, 10372.950, 503.318, ( 149)
2, 41009.820, 10367.210, 503.350, ( 150)
2, 41006.270, 10361.010, 503.457, ( 151)
2, 41004.750, 10356.170, 503.470, ( 152)
2, 41006.190, 10348.840, 503.273, ( 153)
2, 41009.530, 10342.930, 503.168, ( 154)
2, 41015.570, 10335.620, 503.297, ( 155)
2, 41023.490, 10328.300, 503.289, ( 156)
2, 41031.220, 10323.070, 503.286, ( 157)
2, 41039.270, 10318.570, 503.212, ( 158)
2, 41049.980, 10314.460, 502.931, ( 159)
2, 41062.890, 10310.790, 502.820, ( 160)
2, 41075.140, 10308.220, 502.820, ( 161)
2, 41087.170, 10305.580, 502.904, ( 162)
2, 41100.160, 10302.900, 502.853, ( 163)
2, 41112.780, 10300.160, 502.916, ( 164)
2, 41124.300, 10297.850, 502.907, ( 165)
2, 41135.380, 10296.070, 502.920, ( 166)
2, 41148.300, 10294.620, 502.665, ( 167)
2, 41161.600, 10293.200, 502.569, ( 168)
2, 41172.070, 10292.790, 502.713, ( 169)
2, 41183.010, 10292.160, 502.638, ( 170)
2, 41196.650, 10290.290, 502.649, ( 171)
2, 41209.940, 10288.860, 502.902, ( 172)
2, 41221.820, 10286.420, 503.073, ( 173)
2, 41234.080, 10283.210, 503.088, ( 174)
2, 41246.240, 10280.160, 503.042, ( 175)
2, 41258.880, 10277.710, 503.043, ( 176)
2, 41272.040, 10276.670, 503.092, ( 177)
2, 41284.220, 10276.460, 503.078, ( 178)
2, 41296.120, 10275.300, 503.057, ( 179)
2, 41310.360, 10272.760, 502.872, ( 180)
2, 41323.770, 10270.550, 502.881, ( 181)
2, 41337.280, 10269.640, 503.030, ( 182)
2, 41350.650, 10269.290, 503.089, ( 183)
2, 41364.860, 10269.500, 502.982, ( 184)
2, 41379.480, 10269.560, 503.017, ( 185)
2, 41394.580, 10270.120, 502.904, ( 186)
2, 41403.370, 10270.250, 502.848, ( 187)
2, 41405.160, 10271.880, 502.841, (   1)
0, 0.000, 0.000, 0.000,
2, 41368.130, 10352.010, 491.001, 
2, 41358.170, 10353.030, 491.005, 
2, 41348.160, 10354.200, 491.047, 
2, 41338.660, 10355.450, 490.987, 
2, 41327.380, 10356.930, 491.081, 
2, 41318.890, 10358.290, 491.007, 
2, 41312.380, 10360.150, 490.819, 
2, 41305.570, 10363.490, 490.763, 
2, 41298.730, 10366.820, 490.784, 
2, 41292.090, 10370.970, 490.871, 
2, 41283.650, 10377.020, 490.998, 
2, 41274.700, 10382.770, 490.931, 
2, 41265.880, 10387.410, 490.967, 
2, 41256.200, 10391.540, 491.001, 
2, 41247.820, 10394.280, 490.982, 
2, 41238.510, 10395.910, 491.089, 
2, 41227.420, 10396.840, 491.202, 
2, 41216.180, 10397.040, 491.396, 
2, 41206.550, 10396.960, 491.355, 
2, 41195.020, 10397.640, 491.248, 
2, 41184.340, 10397.710, 491.287, 
2, 41172.570, 10397.770, 491.067, 
2, 41162.520, 10397.650, 491.055, 
2, 41152.640, 10397.270, 491.113, 
2, 41143.970, 10397.020, 491.091, 
2, 41135.120, 10396.580, 491.005, 
2, 41124.130, 10396.060, 491.103, 
2, 41113.380, 10395.740, 490.981, 
2, 41102.900, 10395.290, 491.103, 
2, 41094.700, 10394.500, 490.983, 
2, 41084.750, 10392.960, 490.898, 
2, 41075.100, 10391.310, 491.018, 
2, 41067.240, 10389.630, 491.108, 
2, 41059.720, 10387.600, 491.294, 
2, 41052.620, 10384.210, 491.205, 
2, 41046.130, 10379.930, 491.241, 
2, 41038.720, 10374.910, 491.186, 
2, 41031.380, 10369.160, 491.038, 
2, 41025.230, 10364.070, 491.184, 
2, 41020.550, 10357.050, 491.411, 
2, 41020.140, 10352.920, 491.701, 
2, 41023.340, 10348.610, 491.477, 
2, 41026.820, 10345.260, 491.279, 
2, 41032.790, 10340.500, 491.192, 
2, 41039.660, 10336.360, 491.171, 
2, 41046.070, 10333.210, 491.085, 
2, 41051.230, 10330.630, 491.096, 
2, 41051.430, 10330.470, 491.178, 
2, 41053.780, 10329.310, 491.269, 
2, 41065.110, 10325.300, 491.195, 
2, 41076.800, 10322.130, 490.993, 
2, 41089.160, 10320.240, 491.102, 
2, 41102.300, 10317.540, 491.139, 
2, 41114.260, 10314.670, 491.022, 
2, 41126.030, 10311.840, 491.121, 
2, 41137.160, 10310.330, 491.202, 
2, 41148.620, 10309.780, 491.124, 
2, 41161.240, 10309.460, 491.087, 
2, 41173.740, 10308.480, 490.911, 
2, 41185.290, 10307.330, 490.840, 
2, 41196.840, 10306.420, 490.828, 
2, 41208.340, 10304.840, 490.805, 
2, 41219.550, 10302.720, 490.946, 
2, 41232.370, 10299.000, 490.940, 
2, 41244.280, 10296.170, 490.969, 
2, 41254.890, 10293.580, 490.906, 
2, 41265.420, 10291.920, 490.981, 
2, 41276.880, 10291.170, 490.913, 
2, 41287.820, 10290.920, 490.981, 
2, 41299.220, 10289.990, 491.028, 
2, 41310.180, 10288.710, 491.024, 
2, 41322.840, 10286.670, 491.180, 
2, 41333.670, 10285.410, 491.068, 
2, 41345.760, 10284.960, 491.033, 
2, 41357.450, 10284.260, 491.181, 
2, 41370.100, 10283.420, 491.044, 
2, 41381.750, 10282.350, 490.981, 
2, 41393.270, 10282.020, 491.125, 
2, 41404.530, 10281.110, 491.157, 
2, 41415.030, 10281.610, 491.050, 
2, 41422.120, 10282.770, 490.956, 
2, 41427.620, 10284.890, 490.978, 
2, 41432.490, 10288.480, 491.045, 
2, 41435.500, 10290.700, 491.431, 
2, 41435.770, 10292.200, 491.441, 
2, 41435.080, 10293.700, 491.294, 
2, 41431.700, 10297.730, 490.886, 
2, 41427.540, 10303.590, 491.223, 
2, 41425.130, 10306.120, 490.808, (  74)
2, 41422.810, 10309.150, 490.886, (  75)
2, 41420.920, 10306.000, 491.125, (  76)
2, 41421.940, 10302.870, 490.845, (  77)
2, 41426.090, 10297.150, 490.786, (  78)
2, 41427.850, 10294.080, 490.808, (  79)
2, 41427.050, 10290.710, 490.826, (  80)
2, 41422.450, 10287.840, 490.868, (  81)
2, 41419.750, 10286.980, 490.849, (  66)
2, 41412.110, 10286.070, 490.950, (  65)
2, 41399.210, 10286.430, 490.935, (  64)
2, 41385.240, 10287.540, 490.896, (  63)
2, 41369.970, 10288.950, 490.875, (  62)
2, 41359.610, 10290.240, 491.026, (  61)
2, 41348.820, 10290.700, 491.028, (  60)
2, 41332.400, 10291.640, 490.927, (  59)
2, 41317.120, 10293.600, 490.956, (  58)
2, 41302.020, 10295.500, 490.928, (  57)
2, 41292.850, 10296.290, 490.785, (  56)
2, 41279.210, 10296.900, 490.721, (  55)
2, 41264.280, 10297.410, 490.827, (  54)
2, 41248.920, 10300.990, 490.790, (  53)
2, 41236.860, 10304.430, 490.931, (  52)
2, 41220.950, 10307.520, 490.789, (  51)
2, 41212.160, 10308.630, 490.762, (  50)
2, 41196.280, 10310.600, 490.554, (  49)
2, 41180.420, 10312.550, 490.823, (  48)
2, 41165.710, 10314.150, 491.081, (  47)
2, 41155.100, 10315.100, 490.951, (  46)
2, 41139.650, 10315.730, 490.857, (  45)
2, 41127.820, 10317.620, 490.865, (  44)
2, 41114.590, 10320.420, 490.889, (  43)
2, 41101.840, 10323.310, 490.930, (  42)
2, 41093.720, 10325.000, 490.965, (  41)
2, 41080.220, 10327.970, 490.948, (  40)
2, 41067.810, 10331.430, 491.036, (  39)
2, 41054.720, 10334.360, 491.108, (  38)
2, 41045.190, 10340.050, 491.002, (  37)
2, 41033.560, 10347.620, 491.135, (  36)
2, 41029.950, 10351.220, 491.144, (  35)
2, 41027.370, 10355.470, 491.124, (  34)
2, 41027.110, 10359.520, 491.074, (  33)
2, 41028.370, 10361.560, 490.993, (  32)
2, 41032.330, 10365.900, 490.953, (  31)
2, 41041.670, 10371.870, 491.004, (  30)
2, 41052.880, 10379.200, 491.101, (  29)
2, 41063.940, 10384.300, 491.069, (  28)
2, 41073.470, 10386.720, 490.963, (  27)
2, 41089.250, 10389.120, 490.886, (  26)
2, 41104.420, 10390.740, 490.846, (  25)
2, 41119.680, 10391.620, 490.827, (  24)
2, 41134.310, 10392.040, 490.911, (  23)
2, 41150.510, 10392.590, 490.906, (  22)
2, 41166.150, 10393.390, 490.911, (  21)
2, 41180.110, 10393.940, 491.009, (  20)
2, 41190.930, 10393.540, 491.082, (  19)
2, 41200.890, 10392.640, 491.225, (  18)
2, 41214.310, 10392.340, 491.266, (  17)
2, 41224.230, 10392.060, 491.051, (  16)
2, 41235.110, 10391.840, 491.037, (  15)
2, 41248.330, 10389.660, 490.969, (  14)
2, 41254.480, 10387.750, 491.023, (  13)
2, 41265.070, 10383.240, 490.893, (  12)
2, 41276.650, 10377.690, 490.896, (  11)
2, 41283.850, 10373.130, 490.848, (  10)
2, 41290.920, 10367.320, 490.893, (   9)
2, 41298.910, 10362.460, 490.752, (   8)
2, 41305.480, 10359.570, 490.731, (   7)
2, 41315.000, 10356.070, 490.819, (   6)
2, 41324.670, 10353.020, 490.984, (   5)
2, 41332.920, 10352.170, 490.998, (   4)
2, 41343.770, 10351.720, 490.908, (   3)
2, 41358.570, 10351.060, 490.924, (   2)
2, 41369.830, 10351.350, 491.023, (   1)
2, 41368.130, 10352.010, 491.001, 
0, 0.000, 0.000, 0.000,
2, 41401.920, 10321.850, 488.093, (  67)
2, 41406.550, 10316.970, 488.018, (  68)
2, 41412.400, 10310.900, 488.007, (  69)
2, 41417.150, 10305.900, 488.094, (  70)
2, 41418.970, 10310.570, 488.171, (  71)
2, 41412.390, 10315.850, 488.013, (  72)
2, 41406.540, 10319.930, 488.028, (  73)
2, 41401.920, 10321.850, 488.093, (  67)
0, 0.000, 0.000, 0.000,
2, 41169.560, 10384.340, 476.351, ( 181)
2, 41153.040, 10382.740, 476.351, ( 181)
2, 41134.880, 10382.030, 476.815, ( 185)
2, 41117.890, 10380.940, 476.171, ( 186)
2, 41101.980, 10378.950, 474.172, ( 187)
2, 41090.130, 10376.830, 473.663, ( 188)
2, 41077.140, 10373.590, 472.980, ( 189)
2, 41062.850, 10369.160, 473.520, ( 190)
2, 41053.100, 10363.700, 473.660, ( 191)
2, 41048.760, 10360.130, 474.082, ( 192)
2, 41046.570, 10358.210, 474.102, ( 193)
2, 41046.260, 10358.110, 474.070, (  54)
2, 41043.070, 10357.960, 476.314, (  54)
2, 41040.990, 10358.080, 477.146, (  53)
2, 41037.580, 10358.340, 478.475, (  52)
2, 41037.700, 10356.000, 478.345, (  51)
2, 41040.280, 10355.660, 477.111, (  50)
2, 41042.790, 10355.680, 475.975, (  49)
2, 41045.360, 10356.160, 474.262, (  48)
2, 41046.440, 10355.930, 474.068, ( 194)
2, 41058.150, 10349.860, 473.673, ( 195)
2, 41075.640, 10343.990, 473.469, ( 196)
2, 41094.850, 10338.610, 473.314, ( 197)
2, 41112.710, 10333.930, 473.349, ( 198)
2, 41128.500, 10331.220, 473.393, ( 199)
2, 41146.490, 10329.070, 473.500, ( 200)
2, 41166.660, 10327.330, 473.298, ( 201)
2, 41190.100, 10324.690, 472.845, ( 202)
2, 41216.610, 10320.660, 472.986, ( 203)
2, 41238.740, 10316.820, 473.180, ( 204)
2, 41257.240, 10312.800, 472.971, ( 205)
2, 41274.510, 10310.340, 472.914, ( 206)
2, 41297.160, 10308.820, 473.281, ( 207)
2, 41314.760, 10307.220, 473.266, ( 208)
2, 41318.440, 10306.700, 473.223, ( 146)
2, 41312.080, 10313.290, 473.188, ( 147)
2, 41292.370, 10316.470, 473.105, ( 148)
2, 41284.730, 10316.920, 473.185, ( 149)
2, 41271.770, 10316.860, 472.939, ( 150)
2, 41258.560, 10318.540, 473.043, ( 151)
2, 41235.130, 10323.970, 473.131, ( 152)
2, 41222.430, 10326.810, 473.055, ( 153)
2, 41205.410, 10329.980, 472.827, ( 154)
2, 41179.080, 10332.860, 472.830, ( 155)
2, 41157.260, 10334.420, 473.261, ( 156)
2, 41133.780, 10337.410, 473.240, ( 157)
2, 41110.030, 10341.900, 473.157, ( 158)
2, 41086.840, 10346.280, 473.290, ( 159)
2, 41073.090, 10350.230, 473.495, ( 160)
2, 41060.530, 10353.580, 473.420, ( 161)
2, 41058.460, 10356.160, 473.449, ( 162)
2, 41057.900, 10360.720, 473.441, ( 163)
2, 41059.340, 10364.240, 473.456, ( 164)
2, 41062.630, 10365.900, 473.284, ( 165)
2, 41080.190, 10371.660, 473.236, ( 166)
2, 41093.320, 10374.900, 473.676, ( 167)
2, 41107.980, 10376.070, 474.961, ( 168)
2, 41115.480, 10375.440, 475.967, ( 169)
2, 41118.780, 10373.690, 475.996, ( 170)
2, 41136.830, 10375.260, 476.235, ( 171)
2, 41151.780, 10374.820, 476.150, ( 172)
2, 41172.060, 10376.160, 476.227, ( 173)
2, 41182.650, 10377.040, 476.168, ( 174)
2, 41187.500, 10378.300, 476.000, ( 175)
2, 41187.360, 10381.710, 476.073, ( 176)
2, 41201.490, 10382.030, 475.869, ( 177)
2, 41210.070, 10382.910, 476.071, ( 178)
2, 41197.950, 10383.740, 475.995, ( 179)
2, 41181.200, 10385.080, 476.134, ( 180)
2, 41169.560, 10384.340, 476.351, ( 181)
0, 0.000, 0.000, 0.000,
2, 41227.870, 10369.340, 473.567, ( 224)
2, 41228.140, 10368.570, 473.267, ( 225)
2, 41236.960, 10365.370, 473.395, ( 226)
2, 41245.320, 10362.630, 473.329, ( 227)
2, 41251.400, 10361.020, 473.388, ( 228)
2, 41260.170, 10356.240, 473.358, ( 229)
2, 41272.210, 10350.240, 474.327, ( 230)
2, 41280.940, 10347.380, 475.059, ( 231)
2, 41271.530, 10353.930, 474.385, ( 232)
2, 41258.020, 10361.150, 473.386, ( 233)
2, 41249.380, 10365.970, 473.522, ( 234)
2, 41241.760, 10368.510, 473.584, ( 235)
2, 41229.310, 10369.710, 473.497, ( 236)
2, 41227.870, 10369.340, 473.567, ( 224)
0, 0.000, 0.000, 0.000,
3, 41331.680, 10264.010, 511.715, ( 276)
3, 41323.010, 10264.010, 512.266, (  57)
3, 41317.633, 10263.718, 512.494, ,(  57)
3, 41303.460, 10262.950, 513.095, (  56)
3, 41290.945, 10262.418, 514.465, ,(  56)
3, 41282.050, 10262.040, 515.438, (  52)
3, 41270.450, 10262.400, 515.963, (  51)
3, 41257.630, 10263.730, 516.477, (  50)
3, 41247.260, 10262.690, 517.379, (  49)
3, 41236.470, 10264.430, 518.128, (  49)
3, 41223.850, 10267.310, 519.397, (  58)
0, 0.000, 0.000, 0.000,
4, 41222.900, 10261.840, 519.621, (  90)
4, 41234.330, 10259.270, 518.719, (  90)
4, 41249.790, 10258.280, 517.630, (  89)
4, 41263.320, 10258.960, 516.548, (  88)
4, 41276.720, 10258.630, 515.411, (  87)
4, 41291.820, 10258.620, 514.366, (  86)
4, 41306.150, 10259.550, 513.171, (  85)
4, 41320.400, 10260.990, 511.812, (  84)
4, 41334.220, 10261.750, 510.574, (  83)
4, 41347.250, 10261.970, 509.400, (  82)
4, 41351.644, 10262.180, 508.895, ,(  81)
4, 41360.440, 10262.600, 507.885, (  81)
4, 41372.850, 10262.840, 506.689, (  80)
4, 41386.460, 10263.700, 505.255, (  79)
4, 41399.330, 10265.450, 504.073, (  78)
4, 41407.420, 10266.330, 503.329, (  77)
4, 41415.660, 10267.470, 502.207, (  77)
4, 41424.150, 10269.570, 501.109, (  77)
4, 41429.470, 10273.480, 500.852, ( 204)
4, 41436.430, 10278.870, 499.840, ( 205)
4, 41441.130, 10283.030, 499.048, ( 206)
4, 41443.920, 10287.310, 498.381, ( 207)
4, 41444.460, 10292.140, 497.595, ( 208)
4, 41443.680, 10296.130, 497.131, 
4, 41439.080, 10302.720, 496.261, 
4, 41431.630, 10310.520, 495.327, 
4, 41423.450, 10317.550, 494.391, 
4, 41414.470, 10323.160, 493.505, 
4, 41400.440, 10328.020, 492.475, 
4, 41387.640, 10331.730, 491.411, 
4, 41375.100, 10333.020, 490.336, 
4, 41362.180, 10333.930, 489.125, 
4, 41352.490, 10334.590, 488.277, 
4, 41341.310, 10336.150, 487.034, ( 209)
4, 41339.680, 10336.940, 486.562, (  84)
4, 41321.970, 10340.720, 484.905, (  83)
4, 41307.430, 10344.010, 483.501, (  82)
4, 41296.660, 10347.670, 482.705, (  15)
4, 41284.720, 10355.200, 481.190, (  16)
4, 41268.720, 10364.220, 479.183, (  17)
4, 41249.370, 10372.030, 476.821, (  18)
4, 41242.777, 10373.065, 475.986, ,(  18)
4, 41237.010, 10373.970, 475.255, (  19)
4, 41226.560, 10373.574, 474.102, ,(  19)
4, 41218.790, 10373.280, 473.245, (  20)
4, 41201.140, 10371.010, 471.489, (  21)
4, 41189.100, 10367.850, 469.989, (   1)
4, 41181.090, 10366.090, 469.065, (   2)
4, 41171.280, 10365.520, 467.833, (   3)
4, 41164.700, 10364.880, 467.037, (  40)
4, 41153.890, 10363.900, 465.751, (  39)
4, 41142.450, 10361.910, 464.585, (  38)
4, 41140.020, 10359.620, 463.506, (  37)
4, 41144.630, 10358.780, 462.800, (  36)
4, 41156.530, 10358.240, 461.270, (  35)
4, 41167.030, 10357.210, 459.969, (  34)
4, 41171.950, 10353.120, 459.178, (  33)
4, 41181.280, 10351.190, 458.406, (  32)
4, 41186.855, 10350.799, 457.867, ,(  31)
4, 41193.820, 10350.310, 457.194, (  31)
4, 41202.700, 10349.910, 456.171, (  30)
4, 41204.040, 10350.280, 456.145, (   2)
4, 41209.260, 10348.400, 455.894, (   3)
4, 41216.000, 10348.600, 455.669, (   4)
4, 41221.530, 10348.220, 455.580, (   5)
4, 41226.070, 10348.480, 455.751, (   6)
4, 41228.910, 10347.800, 455.709, (   7)
4, 41234.130, 10346.760, 455.612, (   8)
4, 41239.470, 10345.610, 455.457, (   9)
4, 41241.860, 10347.220, 455.416, (  10)
4, 41241.690, 10349.340, 455.519, (  11)
4, 41243.480, 10348.260, 455.510, (  12)
4, 41242.130, 10345.850, 455.410, (  13)
4, 41241.380, 10344.520, 455.522, (  14)
4, 41242.020, 10342.670, 455.551, (  15)
4, 41246.670, 10340.590, 455.726, (  16)
4, 41251.050, 10340.460, 455.670, (  17)
4, 41255.290, 10339.610, 455.614, (  18)
4, 41260.920, 10338.930, 455.475, (  19)
4, 41261.750, 10341.220, 455.819, (  20)
4, 41267.130, 10338.780, 455.899, (  21)
4, 41267.830, 10337.280, 455.563, (  22)
4, 41273.480, 10335.800, 456.103, (  23)
4, 41278.360, 10334.030, 456.149, (  24)
4, 41278.030, 10331.260, 456.510, (  25)
4, 41276.440, 10326.280, 457.874, (  26)
4, 41268.590, 10328.350, 455.743, (  27)
4, 41259.720, 10331.750, 455.669, (  28)
4, 41248.940, 10334.390, 455.710, (  29)
4, 41242.630, 10336.810, 455.494, (  30)
4, 41234.060, 10337.890, 455.590, (  31)
4, 41222.670, 10338.500, 455.998, (  32)
4, 41214.830, 10340.410, 455.917, (  33)
4, 41205.410, 10341.450, 455.855, (  34)
4, 41196.710, 10342.160, 456.659, (  35)
4, 41184.410, 10342.970, 457.949, (  70)
4, 41175.300, 10343.410, 459.221, (  69)
4, 41159.140, 10343.580, 461.223, (  68)
4, 41144.130, 10343.920, 462.963, (  67)
4, 41131.800, 10343.890, 464.364, (  66)
4, 41122.490, 10346.020, 464.390, (  65)
4, 41110.000, 10348.480, 464.237, (  64)
4, 41098.460, 10349.950, 464.609, (  63)
4, 41099.990, 10353.740, 464.494, (  62)
4, 41108.100, 10352.890, 464.603, (  61)
4, 41119.160, 10349.750, 464.421, (  60)
4, 41124.160, 10348.410, 464.392, (  59)
4, 41126.390, 10351.890, 464.183, (  58)
4, 41128.100, 10359.350, 464.031, (  57)
4, 41127.130, 10363.850, 463.951, (  56)
4, 41123.530, 10365.780, 464.487, (  55)
4, 41130.040, 10366.240, 464.028, (  54)
4, 41149.980, 10369.520, 465.659, (  53)
4, 41161.080, 10370.630, 466.781, (  52)
4, 41172.420, 10371.670, 467.980, (  49)
4, 41184.670, 10373.680, 469.511, (  50)
4, 41191.030, 10375.630, 470.578, (  75)
4, 41190.100, 10378.010, 470.586, (  76)
4, 41195.960, 10379.050, 470.985, (  77)
4, 41198.480, 10377.830, 471.285, (  78)
4, 41211.230, 10379.600, 472.798, (  79)
4, 41230.170, 10380.740, 474.557, (  80)
4, 41234.370, 10380.880, 475.099, ( 223)
4, 41243.180, 10380.910, 476.580, ( 222)
4, 41250.740, 10379.290, 477.350, ( 221)
4, 41261.570, 10375.290, 478.417, ( 220)
4, 41270.870, 10371.180, 479.391, ( 219)
4, 41280.860, 10367.040, 480.551, ( 218)
4, 41292.610, 10361.040, 481.954, ( 217)
4, 41302.410, 10355.850, 483.367, ( 216)
4, 41313.430, 10351.760, 484.168, (  39)
4, 41315.790, 10350.810, 484.284, (  87)
4, 41328.170, 10349.090, 485.517, (  86)
4, 41343.170, 10348.290, 487.035, (  85)
4, 41344.250, 10348.310, 487.573, 
4, 41355.230, 10348.690, 488.873, 
4, 41364.800, 10348.770, 489.515, 
4, 41373.420, 10348.880, 490.307, 
4, 41381.010, 10348.330, 491.032, 
4, 41384.030, 10348.570, 491.244, 
4, 41391.860, 10348.640, 491.693, 
4, 41402.620, 10346.340, 492.518, 
4, 41410.860, 10343.760, 492.990, 
4, 41418.460, 10340.050, 493.462, 
4, 41427.920, 10331.890, 494.393, 
4, 41437.940, 10322.070, 495.276, 
4, 41448.410, 10312.050, 496.777, 
4, 41457.080, 10304.010, 497.695, 
4, 41458.810, 10301.560, 497.851, ( 441)
4, 41465.280, 10292.780, 498.641, ( 442)
4, 41466.680, 10287.790, 498.845, ( 443)
4, 41465.980, 10281.580, 499.340, ( 444)
4, 41460.780, 10274.110, 499.571, ( 445)
4, 41453.740, 10268.210, 500.098, ( 446)
4, 41440.460, 10259.420, 501.167, ( 102)
4, 41423.590, 10253.460, 502.341, ( 102)
4, 41417.756, 10251.670, 502.797, ,( 102)
4, 41406.380, 10248.180, 503.687, ( 102)
4, 41390.440, 10247.520, 504.975, ( 101)
4, 41375.080, 10247.560, 506.576, ( 100)
4, 41361.820, 10247.160, 507.964, (  99)
4, 41346.130, 10247.310, 509.464, (  98)
4, 41332.180, 10247.050, 510.813, (  97)
4, 41318.500, 10246.120, 511.722, (  96)
4, 41311.490, 10243.360, 512.747, (  95)
4, 41296.860, 10243.090, 514.021, (  94)
4, 41282.430, 10243.070, 515.033, (  93)
4, 41267.170, 10243.520, 516.262, (  92)
4, 41254.680, 10243.960, 517.366, (  91)
4, 41254.300, 10244.020, 517.441, ( 101)
4, 41236.841, 10246.453, 518.557, ,( 101)
4, 41233.420, 10246.930, 518.776, ( 102)
4, 41220.310, 10247.100, 520.089, (  59)
0, 0.000, 0.000, 0.000,
5, 41322.630, 10324.470, 467.891, ( 113)
5, 41322.760, 10320.920, 467.811, ( 114)
5, 41321.370, 10317.160, 467.373, ( 115)
5, 41317.010, 10314.730, 469.780, (  40)
5, 41321.250, 10309.190, 470.558, (  39)
5, 41329.780, 10308.010, 470.487, (  38)
5, 41342.040, 10306.840, 470.456, (  37)
5, 41356.320, 10305.920, 470.559, (  36)
5, 41354.710, 10308.140, 470.293, (  35)
5, 41350.030, 10309.160, 470.326, (  34)
5, 41341.360, 10311.820, 470.173, (  33)
5, 41332.630, 10310.360, 470.218, (  32)
5, 41330.930, 10312.920, 470.256, (  31)
5, 41326.210, 10315.240, 470.123, (  30)
5, 41329.830, 10316.090, 467.937, (  29)
5, 41332.950, 10313.050, 467.967, (  28)
5, 41335.850, 10312.750, 467.784, (  27)
5, 41336.540, 10313.990, 467.681, (  26)
5, 41342.420, 10313.480, 467.672, (  25)
5, 41349.830, 10311.420, 467.580, (  24)
5, 41356.850, 10308.210, 467.995, (  23)
5, 41358.610, 10309.720, 467.968, (  22)
5, 41363.900, 10310.160, 467.860, (  21)
5, 41371.940, 10309.100, 467.588, (  20)
5, 41380.570, 10307.570, 467.373, (  19)
5, 41383.360, 10306.250, 467.316, (  18)
5, 41389.040, 10305.500, 466.982, (  17)
5, 41395.233, 10304.578, 467.121, ,(  16)
5, 41397.570, 10304.230, 467.173, (  16)
5, 41407.980, 10297.660, 476.344, (  66)
5, 41413.500, 10295.660, 477.676, (  67)
5, 41417.420, 10293.600, 479.296, (  68)
5, 41418.180, 10295.610, 479.180, (  69)
5, 41413.430, 10297.940, 477.277, (  70)
5, 41409.240, 10299.990, 476.255, (  71)
5, 41408.250, 10301.080, 476.369, (  55)
5, 41398.130, 10306.140, 467.216, (  15)
5, 41394.650, 10306.770, 466.884, (  14)
5, 41387.720, 10307.890, 467.023, (  13)
5, 41387.160, 10311.620, 467.227, (  12)
5, 41381.050, 10312.720, 467.297, (  11)
5, 41374.450, 10313.550, 467.384, (  10)
5, 41364.770, 10315.200, 467.694, (   9)
5, 41353.280, 10318.210, 467.673, (   8)
5, 41341.520, 10320.000, 467.807, (   7)
5, 41331.230, 10322.050, 467.700, (   6)
5, 41326.890, 10324.890, 469.697, (   5)
5, 41323.180, 10325.590, 468.072, (   4)
5, 41322.630, 10324.470, 467.891, ( 113)
0, 0.000, 0.000, 0.000,
5, 41438.920, 10297.380, 497.792, ( 461)
5, 41441.550, 10294.070, 498.472, ( 460)
5, 41442.460, 10290.500, 499.132, ( 459)
5, 41440.360, 10287.260, 499.376, ( 458)
5, 41436.020, 10282.700, 500.402, ( 457)
5, 41429.250, 10276.660, 501.070, ( 456)
5, 41422.600, 10273.430, 501.778, ( 455)
5, 41409.480, 10268.980, 503.681, ( 268)
5, 41406.870, 10268.780, 504.099, ( 284)
5, 41402.460, 10268.380, 504.618, ( 283)
5, 41392.190, 10267.020, 506.137, ( 282)
5, 41381.010, 10266.250, 507.048, ( 281)
5, 41369.770, 10265.680, 508.208, ( 280)
5, 41360.900, 10265.130, 509.384, ( 279)
5, 41350.030, 10265.020, 510.122, ( 278)
5, 41340.320, 10264.690, 510.775, ( 277)
5, 41331.680, 10264.010, 511.715, ( 276)
5, 41331.280, 10263.040, 511.958, ( 275)
5, 41340.760, 10262.980, 510.864, ( 274)
5, 41353.430, 10263.710, 509.926, ( 273)
5, 41362.690, 10263.720, 509.147, ( 272)
5, 41380.760, 10264.730, 507.079, ( 271)
5, 41391.660, 10265.950, 506.117, ( 270)
5, 41403.620, 10266.550, 504.554, ( 269)
5, 41417.710, 10269.320, 503.269, ( 269)
5, 41424.000, 10271.770, 502.098, ( 447)
5, 41434.990, 10278.940, 500.814, ( 448)
5, 41442.590, 10286.940, 499.807, ( 449)
5, 41443.580, 10293.060, 499.068, ( 450)
5, 41440.680, 10296.840, 498.214, ( 451)
5, 41438.680, 10299.250, 497.509, 
5, 41434.450, 10304.900, 496.638, 
5, 41429.960, 10309.620, 496.421, 
5, 41426.560, 10312.960, 496.018, 
5, 41421.960, 10316.680, 495.374, 
5, 41417.250, 10319.610, 495.258, 
5, 41414.490, 10321.190, 495.107, 
5, 41414.310, 10320.740, 495.087, 
5, 41416.770, 10318.620, 495.043, 
5, 41421.480, 10315.790, 495.317, 
5, 41425.350, 10311.610, 495.677, 
5, 41428.680, 10308.520, 495.900, 
5, 41433.260, 10303.560, 496.745, 
5, 41437.620, 10298.940, 497.428, 
5, 41438.920, 10297.380, 497.792, ( 461)
0, 0.000, 0.000, 0.000,
6, 41414.310, 10320.740, 495.087, 
6, 41413.930, 10321.320, 495.125, 
6, 41409.110, 10323.660, 494.512, 
6, 41401.500, 10326.020, 493.790, 
6, 41394.230, 10327.900, 493.091, 
6, 41391.260, 10328.560, 492.492, 
6, 41390.210, 10328.820, 492.229, 
0, 0.000, 0.000, 0.000,
7, 41371.090, 10330.310, 490.903, 
7, 41380.470, 10330.710, 491.547, 
7, 41384.790, 10329.580, 491.866, 
7, 41390.210, 10328.820, 492.229, 
7, 41390.420, 10329.670, 492.139, 
7, 41384.960, 10330.570, 491.701, 
7, 41380.690, 10331.420, 491.634, 
7, 41371.160, 10331.350, 490.869, 
7, 41361.240, 10332.110, 490.318, 
7, 41354.200, 10332.910, 490.119, 
7, 41352.840, 10332.350, 490.077, 
7, 41354.140, 10331.900, 489.991, 
7, 41361.260, 10331.160, 490.445, 
7, 41371.090, 10330.310, 490.903, 
0, 0.000, 0.000, 0.000,
8, 41223.340, 10371.530, 474.817, (   8)
8, 41218.240, 10371.330, 474.064, (   7)
8, 41202.310, 10368.880, 472.991, (   4)
8, 41185.130, 10365.780, 470.771, (  51)
8, 41181.710, 10365.430, 470.089, (  52)
8, 41173.340, 10364.620, 469.087, (  53)
8, 41167.100, 10363.740, 468.253, (  64)
8, 41175.200, 10364.370, 469.223, (  65)
8, 41179.780, 10363.880, 469.632, (  66)
8, 41184.990, 10364.830, 470.678, (  67)
8, 41194.540, 10366.310, 472.688, (   2)
8, 41202.760, 10367.740, 472.868, (   5)
8, 41218.380, 10370.370, 474.093, (   6)
8, 41223.340, 10371.530, 474.817, (   8)
8, 41231.140, 10371.640, 475.760, (   9)
8, 41244.210, 10371.670, 477.408, (  10)
8, 41257.050, 10367.250, 478.955, (  11)
8, 41270.800, 10361.440, 480.443, (  12)
8, 41284.940, 10353.490, 481.973, (  13)
8, 41295.900, 10346.320, 483.483, (  14)
8, 41302.570, 10344.100, 484.176, ( 138)
8, 41309.440, 10342.030, 485.151, ( 222)
8, 41320.890, 10338.390, 486.283, ( 221)
8, 41331.290, 10337.190, 487.193, ( 220)
8, 41340.270, 10334.980, 488.624, ( 210)
8, 41348.240, 10332.960, 489.761, ( 210)
8, 41352.840, 10332.350, 490.077, 
0, 0.000, 0.000, 0.000,
10, 41357.900, 10305.920, 470.505, (  47)
10, 41358.710, 10305.590, 470.571, (  57)
10, 41368.590, 10304.950, 470.559, (  56)
10, 41382.290, 10304.020, 470.464, (  55)
10, 41393.130, 10303.060, 470.343, (  54)
10, 41397.710, 10303.350, 470.426, (  53)
10, 41395.950, 10304.130, 470.151, (  52)
10, 41388.890, 10304.560, 470.118, (  51)
10, 41380.090, 10306.470, 470.369, (  50)
10, 41369.340, 10308.100, 470.374, (  49)
10, 41362.800, 10308.120, 470.272, (  48)
10, 41357.900, 10305.920, 470.505, (  47)
0, 0.000, 0.000, 0.000,
11, 41389.970, 10313.170, 470.247, (  65)
11, 41390.690, 10310.400, 470.136, (  66)
11, 41390.380, 10308.710, 470.052, (  67)
11, 41394.850, 10308.220, 470.379, (  68)
11, 41397.870, 10307.700, 470.695, (  69)
11, 41394.660, 10310.820, 470.460, (  70)
11, 41391.340, 10312.610, 470.410, (  71)
11, 41389.970, 10313.170, 470.247, (  65)
0, 0.000, 0.000, 0.000,
12, 41324.650, 10316.070, 470.195, (  41)
12, 41325.750, 10315.590, 470.133, (  46)
12, 41327.080, 10319.590, 470.172, (  45)
12, 41327.430, 10324.410, 469.594, (  44)
12, 41325.890, 10324.790, 469.799, (  43)
12, 41325.270, 10320.860, 469.842, (  42)
12, 41324.650, 10316.070, 470.195, (  41)
0, 0.000, 0.000, 0.000,
13, 41248.750, 10337.910, 456.265, (  18)
13, 41245.350, 10338.130, 456.066, (  19)
13, 41242.550, 10339.290, 456.308, (  20)
0, 0.000, 0.000, 0.000,
14, 41108.120, 10366.460, 464.239, ( 135)
14, 41107.640, 10367.410, 464.402, ( 145)
14, 41101.130, 10368.490, 464.535, ( 144)
14, 41096.610, 10367.980, 464.477, ( 143)
14, 41091.540, 10367.200, 464.411, ( 142)
14, 41087.070, 10366.610, 464.319, ( 141)
14, 41087.870, 10365.980, 464.192, ( 140)
14, 41090.710, 10365.970, 464.104, ( 139)
14, 41096.140, 10366.230, 464.228, ( 138)
14, 41098.960, 10367.270, 464.134, ( 137)
14, 41104.580, 10366.800, 464.082, ( 136)
14, 41108.120, 10366.460, 464.239, ( 135)
0, 0.000, 0.000, 0.000,
15, 41079.910, 10362.280, 458.169, ( 111)
15, 41082.760, 10359.890, 457.009, ( 119)
15, 41086.080, 10359.620, 457.255, ( 120)
15, 41089.220, 10359.260, 456.879, ( 121)
15, 41092.000, 10359.020, 457.055, ( 122)
15, 41097.090, 10357.890, 457.481, ( 123)
15, 41101.980, 10356.950, 459.197, ( 124)
15, 41107.700, 10356.590, 460.222, ( 125)
15, 41115.700, 10354.190, 460.756, ( 126)
15, 41116.960, 10354.180, 460.916, ( 100)
15, 41119.880, 10352.370, 461.149, (  99)
15, 41119.110, 10355.100, 460.980, (  98)
15, 41120.060, 10358.760, 460.949, (  97)
15, 41121.330, 10362.300, 461.556, (  96)
15, 41119.340, 10361.970, 461.593, ( 101)
15, 41115.800, 10361.570, 461.054, ( 102)
15, 41109.620, 10362.890, 460.884, ( 103)
15, 41103.640, 10363.260, 460.265, ( 104)
15, 41098.390, 10362.250, 458.631, ( 105)
15, 41094.580, 10362.290, 457.540, ( 106)
15, 41090.430, 10361.590, 456.681, ( 107)
15, 41087.860, 10361.650, 456.952, ( 108)
15, 41085.100, 10362.210, 457.826, ( 109)
15, 41081.440, 10362.610, 457.482, ( 110)
15, 41079.910, 10362.280, 458.169, ( 111)
0, 0.000, 0.000, 0.000,
16, 41076.880, 10359.030, 461.007, ( 112)
16, 41076.510, 10360.380, 460.852, ( 113)
16, 41072.300, 10360.480, 461.110, ( 114)
16, 41069.870, 10360.490, 461.561, ( 115)
16, 41070.550, 10358.900, 461.705, ( 116)
16, 41073.830, 10358.460, 461.265, ( 117)
16, 41076.190, 10358.460, 461.145, ( 118)
16, 41076.880, 10359.030, 461.007, ( 112)
0, 0.000, 0.000, 0.000,
17, 41123.460, 10350.000, 464.952, (  91)
17, 41124.790, 10352.330, 465.224, (  92)
17, 41125.740, 10358.010, 465.269, (  93)
17, 41125.870, 10361.170, 465.118, (  94)
17, 41125.590, 10364.090, 464.458, (  95)
0, 0.000, 0.000, 0.000,
19, 41167.100, 10363.740, 468.253, (  64)
19, 41164.210, 10363.820, 467.701, (  41)
19, 41159.620, 10363.420, 467.327, (  42)
19, 41151.030, 10362.790, 466.121, (  43)
19, 41144.940, 10361.740, 465.174, (  44)
19, 41142.200, 10361.300, 464.556, (  45)
0, 0.000, 0.000, 0.000,
20, 41203.250, 10353.400, 454.883, (  36)
20, 41207.160, 10351.370, 454.062, (  37)
20, 41211.170, 10350.410, 453.914, (  38)
20, 41215.760, 10350.120, 453.690, (  39)
20, 41221.130, 10350.620, 453.742, (  40)
20, 41225.500, 10350.220, 453.734, (  41)
20, 41231.380, 10349.110, 453.714, (  42)
20, 41233.450, 10347.770, 453.879, (  43)
20, 41236.070, 10347.000, 454.172, (  44)
20, 41239.660, 10346.290, 453.946, (  45)
20, 41240.230, 10348.100, 453.929, (  46)
20, 41235.350, 10349.820, 454.059, (  47)
20, 41234.180, 10350.830, 453.557, (  48)
20, 41232.390, 10350.970, 453.486, (  49)
20, 41231.090, 10351.070, 453.456, (  50)
20, 41227.640, 10352.560, 453.505, (  51)
20, 41222.280, 10353.470, 453.497, (  52)
20, 41219.450, 10354.390, 453.423, (  53)
20, 41219.460, 10355.190, 453.529, (  54)
20, 41218.370, 10355.470, 453.375, (  55)
20, 41214.860, 10355.010, 453.361, (  56)
20, 41212.070, 10354.440, 453.593, (  57)
20, 41210.140, 10354.000, 453.663, (  58)
20, 41207.450, 10354.020, 454.110, (  59)
20, 41205.110, 10353.870, 454.309, (  60)
20, 41203.250, 10353.400, 454.883, (  36)
0, 0.000, 0.000, 0.000,
22, 41203.250, 10353.400, 454.883, (  36)
22, 41201.410, 10353.470, 455.773, (  21)
22, 41192.210, 10353.600, 456.672, (  22)
22, 41182.050, 10354.380, 458.039, (  23)
22, 41173.010, 10355.570, 458.990, (  24)
22, 41167.030, 10357.210, 459.969, (  34)
0, 0.000, 0.000, 0.000,
23, 41173.700, 10353.090, 459.106, (  25)
23, 41183.030, 10351.910, 458.495, (  26)
23, 41193.410, 10351.380, 457.506, (  27)
23, 41201.040, 10351.370, 456.831, (  28)
0, 0.000, 0.000, 0.000,
24, 41244.000, 10344.010, 453.960, (  61)
24, 41243.880, 10343.880, 453.868, (  73)
24, 41246.660, 10343.400, 453.432, (  72)
24, 41249.220, 10341.550, 453.114, (  71)
24, 41252.900, 10341.000, 453.251, (  70)
24, 41256.650, 10340.050, 453.256, (  69)
24, 41259.890, 10339.710, 453.778, (  68)
24, 41259.070, 10341.220, 453.730, (  67)
24, 41255.750, 10342.340, 453.112, (  66)
24, 41253.400, 10343.070, 453.103, (  65)
24, 41251.330, 10343.570, 453.089, (  64)
24, 41248.490, 10344.560, 453.212, (  63)
24, 41244.890, 10345.520, 453.602, (  62)
24, 41244.000, 10344.010, 453.960, (  61)
0, 0.000, 0.000, 0.000,
25, 41275.410, 10323.590, 462.935, (   1)
25, 41284.490, 10324.550, 464.258, (  27)
25, 41298.480, 10323.040, 464.185, (  26)
25, 41311.500, 10320.320, 464.180, (  25)
25, 41315.250, 10319.690, 464.094, (  24)
25, 41320.690, 10317.790, 463.906, (  23)
25, 41321.460, 10324.510, 464.080, (  22)
25, 41308.450, 10326.830, 464.053, (  21)
25, 41295.700, 10330.830, 463.955, (  20)
25, 41283.440, 10335.860, 464.182, (  19)
25, 41280.800, 10335.070, 462.130, (   6)
25, 41280.860, 10332.870, 462.034, (   5)
25, 41280.190, 10330.220, 462.129, (   4)
25, 41278.540, 10326.920, 462.088, (   3)
25, 41277.340, 10326.690, 461.995, (   2)
25, 41275.410, 10323.590, 462.935, (   1)
0, 0.000, 0.000, 0.000,
26, 41250.980, 10340.460, 455.620, (   7)
26, 41251.040, 10340.030, 455.620, (   7)
26, 41251.390, 10337.940, 455.488, (   8)
26, 41249.520, 10336.290, 455.606, (   9)
26, 41245.810, 10337.400, 455.602, (  10)
26, 41245.586, 10337.441, 455.600, ,(  10)
26, 41242.670, 10337.970, 455.578, (  11)
26, 41240.900, 10339.560, 455.504, (  12)
26, 41241.790, 10341.800, 455.761, (  13)
26, 41242.020, 10342.650, 455.761, (  13)
0, 0.000, 0.000, 0.000,
50, 41249.520, 10257.020, 517.196, ( 188)
50, 41234.050, 10257.390, 518.237, ( 189)
50, 41231.750, 10251.400, 518.648, ( 190)
50, 41241.270, 10247.790, 518.305, ( 191)
50, 41252.680, 10249.110, 517.460, ( 192)
50, 41252.220, 10255.430, 517.476, ( 244)
50, 41256.670, 10247.040, 517.221, ( 245)
50, 41263.940, 10255.380, 516.541, ( 246)
50, 41269.830, 10246.350, 516.078, ( 247)
50, 41276.120, 10255.290, 515.527, ( 248)
50, 41283.240, 10247.020, 514.967, ( 249)
50, 41289.180, 10256.160, 514.563, ( 250)
50, 41297.340, 10246.610, 513.831, ( 251)
50, 41304.110, 10256.330, 513.365, ( 252)
50, 41312.640, 10247.650, 512.545, ( 253)
50, 41319.530, 10257.830, 511.987, ( 254)
50, 41328.230, 10249.290, 511.130, ( 255)
50, 41333.790, 10259.200, 510.659, ( 256)
50, 41342.190, 10249.870, 509.896, ( 257)
50, 41348.830, 10259.770, 509.191, ( 258)
50, 41356.770, 10250.210, 508.541, ( 259)
50, 41362.720, 10260.030, 507.783, ( 260)
50, 41372.900, 10250.250, 506.855, ( 261)
50, 41382.030, 10260.950, 505.812, ( 262)
50, 41390.860, 10250.580, 504.934, ( 263)
50, 41397.620, 10261.080, 504.329, ( 264)
50, 41406.500, 10251.130, 503.682, ( 265)
50, 41411.910, 10262.660, 503.092, ( 266)
50, 41419.530, 10252.890, 502.882, ( 267)
0, 0.000, 0.000, 0.000,
51, 41439.800, 10267.250, 500.625, ( 391)
51, 41434.880, 10272.020, 500.504, ( 392)
51, 41453.640, 10274.610, 499.805, ( 393)
51, 41444.260, 10279.850, 499.268, ( 394)
51, 41459.690, 10285.050, 499.018, ( 395)
51, 41449.680, 10284.660, 498.656, ( 396)
51, 41459.040, 10294.260, 498.346, ( 397)
51, 41446.660, 10297.800, 497.261, 
51, 41452.160, 10304.750, 497.282, 
51, 41445.820, 10311.700, 496.309, 
51, 41438.950, 10305.860, 496.122, 
51, 41432.020, 10312.860, 495.303, 
51, 41437.360, 10320.150, 495.250, 
51, 41429.150, 10326.800, 494.469, 
51, 41422.670, 10320.080, 494.248, 
51, 41415.020, 10324.830, 493.493, 
51, 41419.870, 10335.480, 493.577, 
51, 41411.780, 10339.210, 492.970, 
51, 41407.810, 10328.970, 492.814, 
51, 41397.780, 10332.250, 491.948, 
51, 41398.380, 10340.910, 492.036, 
51, 41389.130, 10342.880, 491.291, 
51, 41384.070, 10333.650, 490.957, 
51, 41371.360, 10335.220, 489.764, 
51, 41373.310, 10346.330, 490.022, 
51, 41358.220, 10346.960, 488.698, 
51, 41355.730, 10336.100, 488.286, 
51, 41341.720, 10337.110, 486.765, 
0, 0.000, 0.000, 0.000,
52, 41348.320, 10347.690, 487.500, ( 218)
52, 41340.240, 10338.660, 486.713, ( 217)
52, 41332.900, 10348.400, 485.972, ( 216)
52, 41325.660, 10340.830, 485.346, ( 215)
52, 41321.000, 10349.390, 484.804, ( 214)
52, 41312.130, 10343.930, 484.008, ( 213)
52, 41306.400, 10352.590, 483.296, ( 212)
52, 41296.120, 10349.730, 482.467, (  83)
52, 41295.650, 10357.180, 482.043, (  84)
52, 41285.810, 10355.500, 481.126, (  85)
52, 41282.570, 10363.300, 480.467, (  86)
52, 41271.700, 10363.100, 479.467, (  87)
52, 41267.070, 10370.560, 478.702, (  88)
52, 41257.490, 10369.880, 477.703, (  89)
52, 41252.400, 10376.300, 477.014, (  90)
52, 41241.560, 10374.250, 475.725, (  91)
52, 41234.370, 10379.400, 474.787, (  92)
52, 41225.220, 10374.140, 473.790, (  93)
52, 41212.860, 10378.550, 472.633, (  94)
52, 41202.120, 10372.110, 471.546, (  95)
52, 41194.360, 10376.940, 470.706, (  96)
52, 41191.040, 10371.470, 470.157, (  68)
52, 41180.330, 10369.460, 468.864, (  69)
52, 41166.760, 10368.140, 467.153, (  70)
52, 41163.880, 10369.240, 466.999, (  51)
52, 41164.030, 10366.350, 466.940, (  50)
52, 41153.740, 10365.450, 465.703, (  49)
52, 41151.800, 10368.250, 465.641, (  48)
52, 41139.020, 10365.850, 464.265, (  47)
52, 41139.800, 10361.770, 464.088, (  46)
0, 0.000, 0.000, 0.000,
57, 41276.160, 10332.870, 455.998, (  74)
57, 41272.090, 10334.850, 455.584, (  75)
57, 41268.920, 10330.140, 455.274, (  76)
57, 41262.870, 10330.800, 455.486, (  77)
57, 41263.990, 10336.670, 455.412, (  78)
57, 41257.530, 10337.440, 455.522, (  79)
57, 41256.630, 10333.990, 455.548, (  80)
57, 41252.070, 10338.800, 455.386, (  81)
57, 41249.980, 10335.160, 455.209, (  82)
57, 41245.600, 10337.400, 455.476, (  83)
57, 41239.510, 10342.790, 455.577, (  84)
57, 41236.830, 10339.110, 455.403, (  85)
57, 41228.400, 10339.990, 455.512, (  86)
57, 41227.870, 10344.640, 455.246, (  87)
57, 41218.600, 10345.170, 455.446, (  88)
57, 41217.190, 10341.290, 455.583, (  89)
57, 41206.000, 10342.360, 455.604, (  90)
57, 41206.710, 10346.370, 455.628, (  91)
57, 41199.750, 10348.750, 456.219, (  92)
57, 41198.310, 10343.790, 456.283, (  93)
57, 41189.910, 10343.870, 457.137, (  94)
57, 41189.880, 10349.920, 457.411, (  95)
57, 41175.840, 10346.060, 458.707, (  77)
57, 41175.150, 10350.690, 458.760, (  78)
57, 41165.400, 10353.500, 459.712, (  79)
57, 41165.350, 10346.690, 459.963, (  80)
57, 41155.040, 10345.870, 461.300, (  81)
57, 41153.880, 10355.790, 461.333, (  82)
57, 41144.340, 10356.180, 462.584, (  83)
57, 41144.340, 10349.460, 462.521, (  84)
57, 41139.520, 10345.820, 463.218, (  85)
57, 41137.800, 10351.720, 463.265, (  86)
57, 41136.850, 10358.310, 463.486, (  87)
57, 41130.200, 10363.570, 463.778, (  88)
57, 41128.900, 10355.330, 464.073, (  89)
57, 41126.370, 10348.380, 464.142, (  90)
0, 0.000, 0.000, 0.000,
58, 41116.610, 10356.400, 460.552, ( 127)
58, 41118.430, 10360.340, 460.882, ( 128)
58, 41113.130, 10359.020, 460.426, ( 129)
58, 41107.490, 10359.350, 460.199, ( 130)
58, 41100.740, 10360.000, 458.716, ( 131)
58, 41095.810, 10359.990, 457.137, ( 132)
58, 41092.750, 10360.430, 457.075, ( 133)
58, 41090.700, 10360.760, 456.512, ( 134)
0, 0.000, 0.000, 0.000,
59, 41244.030, 10339.820, 457.175, (  14)
59, 41246.090, 10339.420, 456.380, (  15)
59, 41247.840, 10339.170, 456.763, (  16)
59, 41249.120, 10338.630, 456.747, (  17)
0, 0.000, 0.000, 0.000,
65, 41384.770, 10311.550, 466.984, (  74)
65, 41371.850, 10312.910, 467.094, (  75)
65, 41359.360, 10314.810, 467.764, (  76)
65, 41345.800, 10318.460, 467.417, (  77)
65, 41333.170, 10320.530, 467.669, (  78)
0, 0.000, 0.000, 0.000,
66, 41397.480, 10305.350, 466.955, (  64)
66, 41393.230, 10305.830, 466.808, (  63)
66, 41384.220, 10307.550, 466.938, (  62)
66, 41373.280, 10310.190, 467.269, (  61)
66, 41363.358, 10310.715, 467.460, ,(  61)
66, 41357.220, 10311.040, 467.578, (  60)
66, 41345.590, 10314.040, 467.260, (  59)
66, 41333.110, 10316.080, 467.431, (  58)
66, 41333.170, 10320.530, 467.669, (  78)
0, 0.000, 0.000, 0.000,
67, 41392.280, 10310.280, 470.246, (  72)
67, 41395.270, 10309.500, 470.496, (  73)
0, 0.000, 0.000, 0.000,
0, 0.000, 0.000, 0.000, END
